QI_REFID,purchase_info_id,others_comment,overall_result,degrade,deduction_amount,wheat_variety,qc_work_doc,fungus_quality_noofbag,fungus_quality_quarantine,recommended_lot,rain_damage_quality_noofbag,rain_damage_quality_quarantine,red_grain_quality,PI_REFID,ZVA_NUMBER,ZPO_NUMBER,ZVENDOR_CODE,ZVENDOR_NAME,ZSUPPLIER_CODE,ZSUPPLIER_NAME,ZQTY,MEINS,IDNLF,MATNR,SGT_SCAT,NETPR,WERKS,LGORT,TRUCK_NO,DRIVER_NO,VECHICAL_STATUS,WAIT_IN_TM,GAT_IN_TM,INCO1,DEVICE_TYPE,PO_BAG_TYPE,SCREEN_TYPE,VEHICLE_TYPE,QA_STATUS,ZDATE,ZTIME,PO_LINE_ITEM,MIGO_NUM,GO_REFID,GO_purchase_info_id,GO_bag_type,GO_no_bags,GO_wb_empty_wt,GO_wb_net_wt,GO_gunny_wt,GO_gunny_less_wt,GO_supplier_wb_dt,GO_supplier_wb_qty,GO_invoice_rate,GO_invoice_no,GO_invoice_date,GO_invoice_qty,GO_supp_inv_copy,GO_supp_wb_copy,GO_naga_os_wb_copy,GO_wb_name,GO_wb_serial_no,GO_wb_load_wt,GO_is_own_wb,GO_wb_ticket_no,GO_unload_lot,pp_REF_ID,pp_ZVA_NUMBER,pp_ZPO_NUMBER,pp_ZPO_LINE_ITEM,pp_ZDATE,pp_ZTIME,pp_ZVENDOR_CODE,pp_ZVENDOR_NAME,pp_ZSUPPLIER_CODE,pp_ZSUPPLIER_NAME,pp_ZQTY,pp_MEINS,pp_IDNLF,pp_MATNR,pp_SGT_SCAT,pp_NETPR,pp_WERKS,pp_LGORT,pp_ZTRUCK_CONTAINER_NUMBER,pp_ZVENDOR_INVOICE,pp_ZDEDUCTION_AMOUNT,pp_isupdate,GO_bag_type(2),GO_no_bags(2),GO_bag_type(3),GO_no_bags(3),CONTAINER_NO,protein_quality(2),moisture_quality(2),ash_quality(2),wet_gluten_quality(2),dry_gluten_quality(2),sv_quality(2),hl_quality(2),kernel_quality(2),mm_quality(2),foreign_matter_quality(2),mudballs_quality(2),broken_wheat_quality(2),black_wheat_quality(2),soft_wheat_quality(2),shriveled_wheat_quality(2),immature_wheat_quality(2),insect_damage_wheat_quality(2),mixed_wheat_quality(2),kernel_bunt_quality(2),ofg_quality(2),infestation_quality(2),fungus_quality(2),rain_damage_quality(2),protein_type_quality(2),fn_quality(2)," QC Deduction Amount"
2075,4658,FHFGHFGH,A,1,,AHW,/Digigate/Purchasepro/2021/October/11/SDI/Quality_Check/RMSDTW012100000359_Testing_sample_WB_copy-20211011165016.pdf,,,567,,,6,4658,RMSDTW012100000359,2800000417,225819, RANKA  AGRI  LINKS ,225531, M/S  MANOJ  TRADERS ,3992,TON,MADHYAPRADESH-VIDISHA-1544,WHR-S,RMPBHVISL03,25500.00,8102,AR02,TN52L0750,8563214790,7,, 2021-10-11  16:48:55 ,SDG,NIR_YES,N1,SDI,11,A,2021-10-11,16:56:25,10,,2847,4658,N2,13,523,4000,7.54,3992.46,2021-07-15,25020,25.50,123,2021-07-15,25020,upload/2021/July/19/supdis/2800000417_WhatsApp_Image_20210719_at_06.29.53-20210719105038.jpeg,upload/2021/July/19/supdis/2800000417_WhatsApp_Image_20210719_at_06.29.53-20210719105038.jpeg,/Digigate/Purchasepro/2021/October/11/SDI/Unloading/RMSDTW012100000359_SAMPLE_PDF-20211011165625.pdf,TEST,452136,4523,2,,123,2528,RMSDTW012100000359,2800000417,10,2021-10-11,16:56:25,225819, RANKA  AGRI  LINKS ,225531, M/S  MANOJ  TRADERS ,3.992,TON,MADHYAPRADESH-VIDISHA-1544,WHR-S,RMPBHVISL03,25500.00,8102,AR02,TN52L0750,123,,0,,0,,0,,6,6,6,6,,,6,6,6,6,6,6,6,6,6,6,6,NO,6,6,NO,NO,NO,LP,,5000
2168,4808,SFSDFSDF,A,2,,,/Digigate/Purchasepro/2021/October/29/SDO/Quality_Check/RMSDOR142100000106_qcwork-20211029150712.pdf,,,456456,,,5,4808,RMSDOR142100000106,2800000318,0000221461, PRABHUDAS  JAMNADAS  &  CO-AACFP5 ,0000221461, PRABHUDAS  JAMNADAS  &  CO-AACFP5 ,505,TON,GUJARAT-RAJKOT-MQ2,WHR-M,RGURKRKSM02,17250.00,8118,AC01,TN4521360,8547123690,7,, 2021-10-29  15:04:09 ,OW1,NIR_YES,L1,SDO,11,A,2021-10-29,15:09:27,00010,,2882,4808,N3,7,567,511,6.3,504.7,2021-10-29,7777,4444,777,2021-10-29,444,/Digigate/Purchasepro/2021/October/29/MA/QCApproval/2800000318_invoice-20211029151418.pdf,/Digigate/Purchasepro/2021/October/29/MA/QCApproval/2800000318_wbcopy-20211029151418.pdf,/Digigate/Purchasepro/2021/October/29/MA/QCApproval/2800000318_nagaoutside-20211029151418.pdf,567,57,567,2,,777,2533,RMSDOR142100000106,2800000318,00010,2021-10-29,15:09:27,0000221461, PRABHUDAS  JAMNADAS  &  CO-AACFP5 ,0000221461, PRABHUDAS  JAMNADAS  &  CO-AACFP5 ,0.505,TON,GUJARAT-RAJKOT-MQ2,WHR-M,RGURKRKSM02,17250.00,8118,AC01,TN4521360,777,,0,,0,,0,,5,5,5,5,,,5,5,5,5,5,5,5,5,5,5,5,NO,5,5,NO,NO,NO,LP,,0
2233,4900,,A,1,,LOK1,/Digigate/Purchasepro/2021/November/05/SDO/Quality_Check/RMSDOR142100000124_Purchase_Pro3.-20211105210047.pdf,,,2,,,2,4900,RMSDOR142100000124,2800000320,0000221461, PRABHUDAS  JAMNADAS  &  CO-AACFP5 ,0000221461, PRABHUDAS  JAMNADAS  &  CO-AACFP5 ,4981,TON, GUJARAT-RAJKOT-TUKUDI  1 ,WHR-T,RGURKRKST07,18700.00,8118,AC01,TN67BL88888,2222222222,7,, 2021-11-05  20:57:58 ,OW1,NIR_FOSS,L1,SDO,Truck,A,2021-11-05,21:22:16,00010,,2903,4900,N4,100,10000,5000,19.30,4980.7,2021-11-04,1000,29.2,12,2021-11-04,20000,/Digigate/Purchasepro/2021/November/05/SDO/Quality_Check/RMSDOR142100000124_tesst-20211105210047.pdf,/Digigate/Purchasepro/2021/November/05/SDO/Quality_Check/RMSDOR142100000124_tesst-20211105210047.pdf,/Digigate/Purchasepro/2021/November/05/SDO/Unloading/RMSDOR142100000124_tesst-20211105212216.pdf,1,1,15000,2,,23,2544,RMSDOR142100000124,2800000320,00010,2021-11-05,21:22:16,0000221461, PRABHUDAS  JAMNADAS  &  CO-AACFP5 ,0000221461, PRABHUDAS  JAMNADAS  &  CO-AACFP5 ,4.981,TON, GUJARAT-RAJKOT-TUKUDI  1 ,WHR-T,RGURKRKST07,18700.00,8118,AC01,TN67BL88888,12,,0,,0,,0,,2,11.01,2,2,2,2,79.99,2,2,1.01,0.31,2.01,2.01,5.01,3,2,0.16,NO,0.21,1,YES,NO,NO,NO,NO,210741
2181,4825,GHJGHJGHJ,A,2,,,/Digigate/Purchasepro/2021/November/01/SDO/Quality_Check/RMSDOR142100000112_nagaoutside-20211101141103.pdf,,,345345,,,6,4825,RMSDOR142100000112,2800000318,0000221461, PRABHUDAS  JAMNADAS  &  CO-AACFP5 ,0000221461, PRABHUDAS  JAMNADAS  &  CO-AACFP5 ,4896,TON,GUJARAT-RAJKOT-MQ2,WHR-M,RGURKRKSM02,17250.00,8118,AC01,TN676767,8547123690,7,, 2021-11-01  13:59:51 ,OW1,NIR_FOSS,L1,SDO,Truck,A,2021-11-01,14:49:08,00010,,2886,4825,N1,1,100,4900,3.565,4896.435,2021-11-01,12234,25,234,2021-11-01,105252,/Digigate/Purchasepro/2021/November/01/SDO/Unloading_WH_Incharge/RMSDOR142100000112_invoice-20211101143553.pdf,/Digigate/Purchasepro/2021/November/01/SDO/Unloading_WH_Incharge/RMSDOR142100000112_wbcopy-20211101143553.pdf,/Digigate/Purchasepro/2021/November/01/SDO/Unloading/RMSDOR142100000112_nagaoutside-20211101144908.pdf,TEST,1452,5000,2,,12,2536,RMSDOR142100000112,2800000318,00010,2021-11-01,14:49:08,0000221461, PRABHUDAS  JAMNADAS  &  CO-AACFP5 ,0000221461, PRABHUDAS  JAMNADAS  &  CO-AACFP5 ,4.896,TON,GUJARAT-RAJKOT-MQ2,WHR-M,RGURKRKSM02,17250.00,8118,AC01,TN676767,234,,0,N2,5,,0,,12,10,1.92,26,10,21.61,20,6,6,6,6,6,6,6,6,6,6,NO,6,6,NO,NO,NO,LP,NO,1242888
2105,4691,,A,2,,,/Digigate/Purchasepro/2021/October/19/SDI/Quality_Check/RMSDTW012100000367_Purchase_Pro3.-20211019193120.pdf,,,L1,,,0,4691,RMSDTW012100000367,2800000464,210512, SHREE  CANVASSERS  (  WH  BROKER  ) ,219962, SHRI  SHARANABASAVESHWAR  TRADE- ,9976,TON,KARNATAKA-DHARWAR-LOK1,WHR-E,RKADWDWSE02,22400.00,1120,AR02, TN78    BD77 ,7708111326,7,, 2021-10-19  19:29:22 ,SDG,NIR_FOSS,N1,SDI,11,A,2021-10-19,19:47:21,10,,2855,4691,N2,12,10000,10000,24.06,9975.94,2021-10-02,10000,19.2,123,2021-10-02,10000,upload/2021/October/03/supdis/2800000464_Purchase_Pro-20211003223939.pdf,upload/2021/October/03/supdis/2800000464_Purchase_Pro3.-20211003223939.pdf,,,,20000,1,46,L1,2530,RMSDTW012100000367,2800000464,10,2021-10-19,19:47:21,210512, SHREE  CANVASSERS  (  WH  BROKER  ) ,219962, SHRI  SHARANABASAVESHWAR  TRADE- ,9.976,TON,KARNATAKA-DHARWAR-LOK1,WHR-E,RKADWDWSE02,22400.00,1120,AR02, TN78    BD77 ,123,,0,N3,19,,0,,11,9,12,38,12,32,82,45,2,0,01,1,1,1,1,0,1,NO,1,1,NO,NO,NO,LP,NO,0
2240,4907,,A,2,,,/Digigate/Purchasepro/2021/November/08/SDO/Quality_Check/RMSDOR142100000126_SAMPLE_PDF-20211108110719.pdf,,,1000,,,0,4907,RMSDOR142100000126,2800000318,0000221461, PRABHUDAS  JAMNADAS  &  CO-AACFP5 ,0000221461, PRABHUDAS  JAMNADAS  &  CO-AACFP5 ,9335,TON,GUJARAT-RAJKOT-MQ2,WHR-M,RGURKRKSM02,17250.00,8118,AC01,ASD0101,1324567890,7,, 2021-11-08  09:49:34 ,OW1,NIR_FOSS,L1,SDO,Truck,A,2021-11-08,12:15:24,00010,,2906,4907,N1,1000,5000,10000,665.00,9335,2021-11-08,15000,78.9,1234567850,2021-11-08,15000,/Digigate/Purchasepro/2021/November/08/SDO/Quality_Check/RMSDOR142100000126_SAMPLE_PDF-20211108110719.pdf,/Digigate/Purchasepro/2021/November/08/SDO/Quality_Check/RMSDOR142100000126_SAMPLE_PDF-20211108110719.pdf,/Digigate/Purchasepro/2021/November/08/SDO/Unloading/RMSDOR142100000126_SAMPLE_PDF-20211108121524.pdf,ASDFGH,465798132,15000,2,,1000,2547,RMSDOR142100000126,2800000318,00010,2021-11-08,12:15:24,0000221461, PRABHUDAS  JAMNADAS  &  CO-AACFP5 ,0000221461, PRABHUDAS  JAMNADAS  &  CO-AACFP5 ,9.335,TON,GUJARAT-RAJKOT-MQ2,WHR-M,RGURKRKSM02,17250.00,8118,AC01,ASD0101,1234567850,,0,,0,,0,,10,9,1.5,30,11,23,78,40,5,1,0,10,5,5,10,10,0,NO,0,0,NO,NO,NO,LP,NO,940276
2244,4911,,A,2,,,/Digigate/Purchasepro/2021/November/09/SDI/Quality_Check/RMSDTW012100000414_SAMPLE_PDF-20211109150011.pdf,,,800,,,0,4911,RMSDTW012100000414,2800000460,223127, VINAY  TRADERS-ADOPA8455E ,223127, VINAY  TRADERS-ADOPA8455E ,13403,TON,MADHYAPRADESH-JABALPUR-322,WHR-E,RMPJAJASE03,21750.00,8102,AR02,TN143,1125442350,7,, 2021-11-09  14:54:38 ,SDG,NIR_FOSS,N2,SDI,Truck,A,2021-11-09,15:36:44,10,,2908,4911,N1,150,500,14500,1097.25,13402.75,2021-08-01,15000,69.5,154875210214,2021-08-01,15000,/Digigate/Purchasepro/2021/November/09/SDI/Supplier_Dispatch_Info/2800000460_SAMPLE_PDF-20211109145124.pdf,/Digigate/Purchasepro/2021/November/09/SDI/Supplier_Dispatch_Info/2800000460_SAMPLE_PDF-20211109145124.pdf,,,,15000,1,144,LOT145,2548,RMSDTW012100000414,2800000460,10,2021-11-09,15:36:44,223127, VINAY  TRADERS-ADOPA8455E ,223127, VINAY  TRADERS-ADOPA8455E ,13.403,TON,MADHYAPRADESH-JABALPUR-322,WHR-E,RMPJAJASE03,21750.00,8102,AR02,TN143,154875210214,,0,N1,1500,,0,,10,10,1,35,10,25,80,50,2,0,0,1,0,0,0,1,0,NO,0,0,NO,NO,NO,NO,NO,716250
2245,4912,,A,2,,,/Digigate/Purchasepro/2021/November/09/SDO/Quality_Check/RMSDOR142100000127_SAMPLE_PDF-20211109155741.pdf,,,2500,,,0,4912,RMSDOR142100000127,2800000318,0000221461, PRABHUDAS  JAMNADAS  &  CO-AACFP5 ,0000221461, PRABHUDAS  JAMNADAS  &  CO-AACFP5 ,22838,TON,GUJARAT-RAJKOT-MQ2,WHR-M,RGURKRKSM02,17250.00,8118,AC01,LK7845,1431431430,7,, 2021-11-09  15:53:48 ,OW1,NIR_FOSS,L1,SDO,Truck,A,2021-11-09,16:32:03,00010,,2909,4912,N1,1500,500,24500,1662.50,22837.5,2021-11-09,25000,78.5,7845129630,2021-11-09,2500,/Digigate/Purchasepro/2021/November/09/SDO/Quality_Check/RMSDOR142100000127_SAMPLE_PDF-20211109155741.pdf,/Digigate/Purchasepro/2021/November/09/SDO/Quality_Check/RMSDOR142100000127_SAMPLE_PDF-20211109155741.pdf,/Digigate/Purchasepro/2021/November/09/SDO/Unloading/RMSDOR142100000127_SAMPLE_PDF-20211109163203.pdf,7894,52+65+,25000,2,,LO7878,2549,RMSDOR142100000127,2800000318,00010,2021-11-09,16:32:03,0000221461, PRABHUDAS  JAMNADAS  &  CO-AACFP5 ,0000221461, PRABHUDAS  JAMNADAS  &  CO-AACFP5 ,22.838,TON,GUJARAT-RAJKOT-MQ2,WHR-M,RGURKRKSM02,17250.00,8118,AC01,LK7845,7845129630,,0,N1,1000,,0,,10,10,1,33,10,25,78,40,5,0,0,0,0,0,0,0,0,NO,0,0,YES,NO,NO,LP,NO,153188
2197,4842,,A,2,,,/Digigate/Purchasepro/2021/November/02/SDI/Quality_Check/RMSDTSIL2100001165_Purchase_Pro3-20211102160006.pdf,,,L1,,,1,4842,RMSDTSIL2100001165,2800000396,217014, FOOD  CORPORATION  OF  INDIA(TN)- ,217014, FOOD  CORPORATION  OF  INDIA(TN)- ,8935,TON, PUNJAB-ALL  LOCATION-MQ4 ,WHR-M,RPUFCI1SM04,18250.00,8103,RH05,TN67BD8720,7708111325,7,, 2021-11-02  15:59:20 ,SAK,NIR_FOSS,N1,SDI,Truck,AD,2021-11-02,16:07:24,20,,2890,4842,N2,12,1000,9000,64.96,8935.04,2021-11-01,10000,19.2,1234,2021-11-01,10000,/Digigate/Purchasepro/2021/November/02/SDI/Supplier_Dispatch_Info/2800000396_Purchase_Pro-20211102155902.pdf,/Digigate/Purchasepro/2021/November/02/SDI/Supplier_Dispatch_Info/2800000396_Purchase_Pro1-20211102155902.pdf,/Digigate/Purchasepro/2021/November/02/SDI/Unloading/RMSDTSIL2100001165_Purchase_Pro1333-20211102160724.pdf,120,12,10000,2,,L2,2538,RMSDTSIL2100001165,2800000396,20,2021-11-02,16:07:24,217014, FOOD  CORPORATION  OF  INDIA(TN)- ,217014, FOOD  CORPORATION  OF  INDIA(TN)- ,8.935,TON, PUNJAB-ALL  LOCATION-MQ4 ,WHR-M,RPUFCI1SM04,18250.00,8103,RH05,TN67BD8720,1234,,0,N2,100,,0,,1,1,1,1,1,1,1,1,1,1,1,1,1,1,1,1,1,NO,1,3,NO,NO,NO,LP,NO,18539
2219,4881,,A,2,,,,,,1,,,1,4881,RMSDTW012100000405,2800000472,210512, SHREE  CANVASSERS  (  WH  BROKER  ) ,219962, SHRI  SHARANABASAVESHWAR  TRADE- ,4786,TON,KARNATAKA-DHARWAR-LOK1,WHR-E,RKADWDWSE02,22300.00,1120,AR02,TN67L8888,3333333333,7,, 2021-11-05  09:04:13 ,SDG,NIR_FOSS,N1,SDI,Truck,A,2021-11-05,09:13:56,10,,2898,4881,N3,100,5000,5000,214.50,4785.5,2021-11-04,10000,0.0193,123,2021-11-04,10000,/Digigate/Purchasepro/2021/November/05/SDI/Supplier_Dispatch_Info/2800000472_Purchase_Pro3.-20211105090349.pdf,/Digigate/Purchasepro/2021/November/05/SDI/Supplier_Dispatch_Info/2800000472_Purchase_Pro-20211105090349.pdf,,,,10000,1,126,L1,2541,RMSDTW012100000405,2800000472,10,2021-11-05,09:13:56,210512, SHREE  CANVASSERS  (  WH  BROKER  ) ,219962, SHRI  SHARANABASAVESHWAR  TRADE- ,4.786,TON,KARNATAKA-DHARWAR-LOK1,WHR-E,RKADWDWSE02,22300.00,1120,AR02,TN67L8888,123,,0,N2,100,,0,,1,1,1,1,1,1,1,1,1,1,1,1,1,1,1,1,1,NO,1,1,NO,NO,NO,NO,NO,149502
2222,4886,,A,1,,LOK1,/Digigate/Purchasepro/2021/November/05/SDO/Quality_Check/RMSDOR142100000122_Purchase_Pro-20211105112918.pdf,,,1,,,1,4886,RMSDOR142100000122,2800000319,0000221461, PRABHUDAS  JAMNADAS  &  CO-AACFP5 ,0000221461, PRABHUDAS  JAMNADAS  &  CO-AACFP5 ,4883,TON,GUJARAT-RAJKOT-496,WHR-T,RGURKRKST03,17750.00,8118,AC01,TN67BL8787,7708777777,7,, 2021-11-05  11:27:53 ,OW1,NIR_FOSS,L1,SDO,Truck,A,2021-11-05,11:37:42,00010,,2900,4886,N2,200,5000,5000,116.66,4883.335,2021-11-04,10000,19.2,L1,2021-11-04,10000,/Digigate/Purchasepro/2021/November/05/SDO/Quality_Check/RMSDOR142100000122_Purchase_Pro3.-20211105112918.pdf,/Digigate/Purchasepro/2021/November/05/SDO/Quality_Check/RMSDOR142100000122_Purchase_Pro3-20211105112918.pdf,/Digigate/Purchasepro/2021/November/05/SDO/Unloading/RMSDOR142100000122_Purchase_Pro-20211105113742.pdf,12,12,10000,2,,L5,2542,RMSDOR142100000122,2800000319,00010,2021-11-05,11:37:42,0000221461, PRABHUDAS  JAMNADAS  &  CO-AACFP5 ,0000221461, PRABHUDAS  JAMNADAS  &  CO-AACFP5 ,4.883,TON,GUJARAT-RAJKOT-496,WHR-T,RGURKRKST03,17750.00,8118,AC01,TN67BL8787,L1,,0,,0,,0,,1,1,11,1,1,1,1,1,1,1,1,1,1,1,1,1,1,NO,1,1,NO,NO,NO,NO,NO,157425
2229,4896,,A,2,,,,100,L1,4,,,44,4896,RMSDTW012100000408,2800000472,210512, SHREE  CANVASSERS  (  WH  BROKER  ) ,219962, SHRI  SHARANABASAVESHWAR  TRADE- ,4852,TON,KARNATAKA-DHARWAR-LOK1,WHR-E,RKADWDWSE02,22300.00,1120,AR02,TN57BL9999,3333333333,7,, 2021-11-05  19:36:08 ,SDG,NIR_FOSS,N1,SDI,Truck,A,2021-11-05,20:11:32,10,,2901,4896,N3,100,10000,5000,148.00,4852,2021-11-04,10000,29.8,1234,2021-11-04,1000,/Digigate/Purchasepro/2021/November/05/SDI/Supplier_Dispatch_Info/2800000472_Purchase_Pro1333-20211105193533.pdf,/Digigate/Purchasepro/2021/November/05/SDI/Supplier_Dispatch_Info/2800000472_Purchase_Pro3-20211105193533.pdf,,,,15000,1,132,L!,2543,RMSDTW012100000408,2800000472,10,2021-11-05,20:11:32,210512, SHREE  CANVASSERS  (  WH  BROKER  ) ,219962, SHRI  SHARANABASAVESHWAR  TRADE- ,4.852,TON,KARNATAKA-DHARWAR-LOK1,WHR-E,RKADWDWSE02,22300.00,1120,AR02,TN57BL9999,1234,,0,,0,,0,,1,3,3,3,3,3,3,3,3,3,3,3,3,3,3,3,3,NO,3,3,YES,NO,NO,NO,NO,24787
1603,3830,,AD,2,1500,,upload/2021/July/28/SDI/2800000398_....-20210728071024.jpg,,,agri,,,0,3830,RMSDTSIL2100000936,2800000398,222076, PARESH  TRADING-  WHEAT  BROKER ,222069, J  J  SHREE  ENTERPRISE-AAGFJ6470 ,28164,TON,GUJARAT-JUNAGADH-TUKUDI,WHR-T,RGURKJUST02,21750.00,1111,FH01,TN28Q5509,8883629518,7,, 2021-07-27  22:30:47 ,SAK,nir_foss,N1,SDI,11,A,2021-07-29,16:59:39,20,5000347309,2545,3830,N5,560,10420,28220,56.000,28164,2021-07-01,28180,21.75,64,2021-07-01,28180,upload/2021/July/27/supdis/2800000398_IMG20210727WA0001-20210727222915.jpg,upload/2021/July/27/supdis/2800000398_IMG20210727WA0000-20210727222915.jpg,,,,38640,1,PE78841,silo,2272,RMSDTSIL2100000936,2800000398,20,2021-07-29,16:59:39,222076, PARESH  TRADING-  WHEAT  BROKER ,222069, J  J  SHREE  ENTERPRISE-AAGFJ6470 ,28.164,TON,GUJARAT-JUNAGADH-TUKUDI,WHR-T,RGURKJUST02,21750.00,1111,FH01,TN28Q5509,64,1500,0,,0,,0,VSBU50079276,,,,,,,,,,,,,,,,,,,,,,,,,,
1999,4499,567567567,A,1,,496,UPLOAD/2021/SEPTEMBER/24/SDO/2800000279_SAMPLE_PDF-20210924143928.PDF,,,567567,,,6,4499,RMSDOR142100000031,2800000279,0000221461, PRABHUDAS  JAMNADAS  &  CO-AACFP5 ,0000221461, PRABHUDAS  JAMNADAS  &  CO-AACFP5 ,10809,TON, GUJARAT-RAJKOT-TUKUDI  1 ,WHR-T,RGURKRKST07,18700.00,8118,AC01,TN7879,8145693270,7,, 2021-09-24  14:33:48 ,OW1,NIR_YES,L1,SDO,11,A,2021-09-24,14:50:29,00010,,2799,4499,N2,3,56756,10811,1.74,10809.26,2021-09-24,456,45,456,2021-09-24,45645,UPLOAD/2021/SEPTEMBER/24/UL/4499_SAMPLE_PDF-20210924144025.PDF,UPLOAD/2021/SEPTEMBER/24/UL/4499_SAMPLE_PDF-20210924144025.PDF,UPLOAD/2021/SEPTEMBER/24/SDO/2800000279_TESTING_SAMPLE_WB_COPY-20210924145029.PDF,567567,567567,67567,2,,FDFGDFGDFG,2512,RMSDOR142100000031,2800000279,00010,2021-09-24,14:50:29,0000221461, PRABHUDAS  JAMNADAS  &  CO-AACFP5 ,0000221461, PRABHUDAS  JAMNADAS  &  CO-AACFP5 ,10.809,TON, GUJARAT-RAJKOT-TUKUDI  1 ,WHR-T,RGURKRKST07,18700.00,8118,AC01,TN7879,456,,0,,0,,0,,,,,,,,,,,,,,,,,,,,,,,,,,,
2000,4500,TYRYRTY,A,1,,AHW,UPLOAD/2021/SEPTEMBER/24/SDI/2800000463_TESTING_SAMPLE_WB_COPY-20210924165204.PDF,,,77,,,7,4500,RMSDTW012100000342,2800000463,223127, VINAY  TRADERS-ADOPA8455E ,223127, VINAY  TRADERS-ADOPA8455E ,55993,TON,MADHYAPRADESH-JABALPUR-322,WHR-E,RMPJAJASE03,21750.00,8102,AR02,TN@12=12,8569321470,7,, 2021-09-24  16:50:14 ,SDG,NIR_YES,N2,SDI,11,A,2021-09-24,16:56:35,10,,2800,4500,N1,10,567,56000,6.65,55993.35,2021-08-05,25000,29.8,258741,2021-08-05,25000,UPLOAD/2021/SEPTEMBER/20/SUPDIS/2800000463_SAMPLE_PDF-20210920121740.PDF,UPLOAD/2021/SEPTEMBER/20/SUPDIS/2800000463_SAMPLE_PDF-20210920121740.PDF,UPLOAD/2021/SEPTEMBER/24/SDI/2800000463_SAMPLE_PDF-20210924165635.PDF,FGHFGH,FGHFGH,56567,2,,100,2513,RMSDTW012100000342,2800000463,10,2021-09-24,16:56:35,223127, VINAY  TRADERS-ADOPA8455E ,223127, VINAY  TRADERS-ADOPA8455E ,55.993,TON,MADHYAPRADESH-JABALPUR-322,WHR-E,RMPJAJASE03,21750.00,8102,AR02,TN@12=12,258741,,0,,0,,0,,,,,,,,,,,,,,,,,,,,,,,,,,,
2010,4520,34DFGDFGDFG,A,2,,,UPLOAD/2021/SEPTEMBER/29/SDO/2800000278_SAMPLE_PDF-20210929092034.PDF,,,555,,,0,4520,RMSDOR142100000041,2800000278,0000221461, PRABHUDAS  JAMNADAS  &  CO-AACFP5 ,0000221461, PRABHUDAS  JAMNADAS  &  CO-AACFP5 ,108,TON,GUJARAT-RAJKOT-MQ2,WHR-M,RGURKRKSM02,17250.00,8118,AC01,TR67908,8569741230,7,, 2021-09-29  09:17:33 ,OW1,NIR_YES,N1,SDO,11,A,2021-09-29,09:26:37,00010,,2801,4520,N1,5,234,111,3.325,107.675,2021-09-28,456,45,456456,2021-09-29,45645,UPLOAD/2021/SEPTEMBER/29/UL/4520_SAMPLE_PDF-20210929092134.PDF,UPLOAD/2021/SEPTEMBER/29/UL/4520_SAMPLE_PDF-20210929092134.PDF,UPLOAD/2021/SEPTEMBER/29/SDO/2800000278_SAMPLE_PDF-20210929092637.PDF,SDFSDF,SDFSDF,345,2,,345,2514,RMSDOR142100000041,2800000278,00010,2021-09-29,09:26:37,0000221461, PRABHUDAS  JAMNADAS  &  CO-AACFP5 ,0000221461, PRABHUDAS  JAMNADAS  &  CO-AACFP5 ,0.108,TON,GUJARAT-RAJKOT-MQ2,WHR-M,RGURKRKSM02,17250.00,8118,AC01,TR67908,456456,,0,,0,,0,,,,,,,,,,,,,,,,,,,,,,,,,,,
2013,4528, QC  PASSED ,A,2,,,UPLOAD/2021/SEPTEMBER/29/SDO/2800000325_SAMPLE_PDF-20210929172502.PDF,,,50000,,,0,4528,RMSDOR142100000046,2800000325,0000221461, PRABHUDAS  JAMNADAS  &  CO-AACFP5 ,0000221461, PRABHUDAS  JAMNADAS  &  CO-AACFP5 ,-1550,TON,GUJARAT-RAJKOT-MQ2,WHR-M,RGURKRKSM02,17250.00,8118,AC01,TN19AV1998,7894561320,7,, 2021-09-29  17:11:33 ,OW1,NIR_YES,L1,SDO,11,A,2021-09-29,17:46:27,00010,,2803,4528,N1,15000,35000,30000,31550,-1550,2021-09-29,35000,65,789465123,2021-09-29,35000,upload/2021/September/29/UL/4528_SAMPLE_PDF-20210929174425.pdf,upload/2021/September/29/UL/4528_SAMPLE_PDF-20210929174425.pdf,UPLOAD/2021/SEPTEMBER/29/SDO/2800000325_SAMPLE_PDF-20210929174627.PDF,ABCD123,456798132,65000,2,,789456,2515,RMSDOR142100000046,2800000325,00010,2021-09-29,17:46:27,0000221461, PRABHUDAS  JAMNADAS  &  CO-AACFP5 ,0000221461, PRABHUDAS  JAMNADAS  &  CO-AACFP5 ,-1.550,TON,GUJARAT-RAJKOT-MQ2,WHR-M,RGURKRKSM02,17250.00,8118,AC01,TN19AV1998,789465123,,0,N1,15000,N2,20000,,,,,,,,,,,,,,,,,,,,,,,,,,,
2023,4541,,A,2,,,/Digigate/Digi/NLFD/upload/2800000475_SAMPLE_PDF-20211003215454.pdf,,,L1,,,1,4541,RMSDTSIL2100001130,2800000475,210422, SUBASH  COMMERCIAL  CO(WH  BROKER ,218799, SUSHIL  TRADING  COMPANY ,5286,TON, PUNJAB-ALL  LOCATION-MQ4 ,WHR-M,RPUFCI1SM04,18950.00,1111,FH01,TN57L1455,7708111326,7,, 2021-10-03  21:52:17 ,SDG,NIR_FOSS,N1,SDI,11,A,2021-10-04,00:36:51,10,,2809,4541,N1,56,454,5323,37.24,5285.76,2021-10-03,10000,19.2,1000,2021-10-03,8000,upload/2021/October/03/supdis/2800000475_Purchase_Pro3.-20211003215017.pdf,upload/2021/October/03/supdis/2800000475_Purchase_Pro3-20211003215017.pdf,/DIGIGATE/DIGI/NLFD/UPLOAD/2800000475_PURCHASE_PRO1-20211004003651.PDF,23,23,5777,2,,45,2516,RMSDTSIL2100001130,2800000475,10,2021-10-04,00:36:51,210422, SUBASH  COMMERCIAL  CO(WH  BROKER ,218799, SUSHIL  TRADING  COMPANY ,5.286,TON, PUNJAB-ALL  LOCATION-MQ4 ,WHR-M,RPUFCI1SM04,18950.00,1111,FH01,TN57L1455,1000,,0,,0,,0,,,,,,,,,,,,,,,,,,,,,,,,,,,
2029,4550,456456456,A,1,,LOK1,/Digigate/Digi/NLFD/upload/2800000281_Testing_sample_WB_copy-20211004162245.pdf,,,456456,,,5,4550,RMSDOR142100000055,2800000281,0000221461, PRABHUDAS  JAMNADAS  &  CO-AACFP5 ,0000221461, PRABHUDAS  JAMNADAS  &  CO-AACFP5 ,41062,TON,GUJARAT-RAJKOT-496,WHR-T,RGURKRKST03,17750.00,8118,AC01,856974,8745693210,7,, 2021-10-04  15:38:29 ,OW1,NIR_YES,L1,SDO,11,A,2021-10-04,16:25:23,00010,,2812,4550,N2,33,45645,41081,58.74,41061.86,2021-10-04,345,34,345345,2021-10-04,70000,/Digigate/Digi/NLFD/upload/4550_SAMPLE_PDF-20211004162446.pdf,/Digigate/Digi/NLFD/upload/4550_Testing_sample_WB_copy-20211004162446.pdf,/DIGIGATE/DIGI/NLFD/UPLOAD/2800000281_SAMPLE_PDF-20211004162523.PDF,456456,46456456,45645,2,,345345,2517,RMSDOR142100000055,2800000281,00010,2021-10-04,16:25:23,0000221461, PRABHUDAS  JAMNADAS  &  CO-AACFP5 ,0000221461, PRABHUDAS  JAMNADAS  &  CO-AACFP5 ,41.062,TON,GUJARAT-RAJKOT-496,WHR-T,RGURKRKST03,17750.00,8118,AC01,856974,345345,,0,N3,44,,0,,,,,,,,,,,,,,,,,,,,,,,,,,,
2031,4554,DFGDFG,A,1,,2967,/Digigate/Digi/NLFD/upload/2800000471_SAMPLE_PDF-20211004182907.pdf,,,545,,,5,4554,RMSDTW012100000349,2800000471,222076, PARESH  TRADING-  WHEAT  BROKER ,222691, VIJAY  CATTLE  FEED-BIMPR0135A ,41075,TON,GUJARAT-JUNAGADH-496,WHR-T,RGURKJUST03,22500.00,1120,AR02,8956231470,5896321470,7,, 2021-10-04  18:27:54 ,SDG,NIR_YES,N1,SDI,11,A,2021-10-04,18:31:02,20,,2813,4554,N3,7,45645,41081,6.3,41074.7,2021-10-04,45645,75,452,2021-10-04,70000,/Digigate/Digi/NLFD/upload/4554_SAMPLE_PDF-20211004183024.pdf,/Digigate/Digi/NLFD/upload/4554_Testing_sample_WB_copy-20211004183024.pdf,/DIGIGATE/DIGI/NLFD/UPLOAD/2800000471_SAMPLE_PDF-20211004183102.PDF,456456,456456,45645,2,,77456,2518,RMSDTW012100000349,2800000471,20,2021-10-04,18:31:02,222076, PARESH  TRADING-  WHEAT  BROKER ,222691, VIJAY  CATTLE  FEED-BIMPR0135A ,41.075,TON,GUJARAT-JUNAGADH-496,WHR-T,RGURKJUST03,22500.00,1120,AR02,8956231470,452,,0,,0,,0,BNM789987,,,,,,,,,,,,,,,,,,,,,,,,,,
2033,4556, FOR  DEDUCTION ,A,1,,SHARBATI,/Digigate/Digi/NLFD/upload/2800000326_Purchase_ProWB-20211005121351.pdf,,,5000,,,5,4556,RMSDOR142100000058,2800000326,0000221461, PRABHUDAS  JAMNADAS  &  CO-AACFP5 ,0000221461, PRABHUDAS  JAMNADAS  &  CO-AACFP5 ,51675,TON,GUJARAT-RAJKOT-496,WHR-T,RGURKRKST03,17750.00,8118,AC01,TW01W1010,7531594560,7,, 2021-10-05  12:10:19 ,OW1,NIR_YES,L1,SDO,11,A,2021-10-05,12:29:57,00010,,2815,4556,N1,2000,15000,55000,3325,51675,2021-10-05,50000,95.22,123546798,2021-10-05,70000,/Digigate/Digi/NLFD/upload/4556_Purchase_ProWB-20211005122639.pdf,/Digigate/Digi/NLFD/upload/4556_Purchase_ProWB-20211005122639.pdf,/DIGIGATE/DIGI/NLFD/UPLOAD/2800000326_PURCHASE_PROWB-20211005122957.PDF,THIAGU01010,7894562,70000,2,,LO124,2519,RMSDOR142100000058,2800000326,00010,2021-10-05,12:29:57,0000221461, PRABHUDAS  JAMNADAS  &  CO-AACFP5 ,0000221461, PRABHUDAS  JAMNADAS  &  CO-AACFP5 ,51.675,TON,GUJARAT-RAJKOT-496,WHR-T,RGURKRKST03,17750.00,8118,AC01,TW01W1010,123546798,,0,N1,1500,N1,1500,,,,,,,,,,,,,,,,,,,,,,,,,,,
2043,4573, FOR  DEDUCTION ,A,1,,AHW,/Digigate/Purchasepro/2021/October/06/SDO/2800000198_Testing_sample_WB_copy-20211006172619.pdf,,,LO105,,,5,4573,RMSDOR142100000065,2800000198,0000221461, PRABHUDAS  JAMNADAS  &  CO-AACFP5 ,0000221461, PRABHUDAS  JAMNADAS  &  CO-AACFP5 ,1,TON,GUJARAT-RAJKOT-TUKUDI,WHR-T,RGURKRKST02,18450.00,8118,AC01,TNQ1000,1234567890,7,, 2021-10-06  17:10:36 ,OW1,NIR_YES,N1,SDO,11,A,2021-10-06,17:45:00,00030,,2823,4573,N1,150,400.,300,299.25,0.75,2021-10-06,700,10.5,123456789,2021-10-06,300,/Digigate/Purchasepro/2021/October/06/UL/4573_Purchase_Pro.pdf1-20211006174022.pdf,/Digigate/Purchasepro/2021/October/06/UL/4573_Purchase_Pro-20211006174022.pdf,/DIGIGATE/PURCHASEPRO/2021/OCTOBER/06/SDO/2800000198_PURCHASE_PRO.PDF1-20211006174500.PDF,SHOLAE,123456789,700,2,,UNL105(++),2520,RMSDOR142100000065,2800000198,00030,2021-10-06,17:45:00,0000221461, PRABHUDAS  JAMNADAS  &  CO-AACFP5 ,0000221461, PRABHUDAS  JAMNADAS  &  CO-AACFP5 ,0.001,TON,GUJARAT-RAJKOT-TUKUDI,WHR-T,RGURKRKST02,18450.00,8118,AC01,TNQ1000,123456789,,0,N1,150,N1,150,,,,,,,,,,,,,,,,,,,,,,,,,,,
2046,4617,,A,2,,,/Digigate/Purchasepro/2021/October/07/SDO/RMSDOR142100000075_Purchase_Pro3-20211007105215.pdf,,,L1,,,1,4617,RMSDOR142100000075,2800000325,0000221461, PRABHUDAS  JAMNADAS  &  CO-AACFP5 ,0000221461, PRABHUDAS  JAMNADAS  &  CO-AACFP5 ,8978,TON,GUJARAT-RAJKOT-MQ2,WHR-M,RGURKRKSM02,17250.00,8118,AC01,TN67BN9877,7708111324,7,, 2021-10-07  10:50:57 ,OW1,NIR_YES,L1,SDO,11,A,2021-10-07,10:54:32,00010,,2827,4617,N2,10,1000,9000,22.425,8977.575,2021-10-06,20000,5.5,21244,2021-10-06,20000,/Digigate/Purchasepro/2021/October/07/SDO/RMSDOR142100000075_Purchase_Pro3-20211007105401.pdf,/Digigate/Purchasepro/2021/October/07/SDO/RMSDOR142100000075_tesst-20211007105401.pdf,/DIGIGATE/PURCHASEPRO/2021/OCTOBER/07/SDO/RMSDOR142100000075_PURCHASE_PRO3-20211007105431.PDF,1,1,10000,2,,F4,2521,RMSDOR142100000075,2800000325,00010,2021-10-07,10:54:32,0000221461, PRABHUDAS  JAMNADAS  &  CO-AACFP5 ,0000221461, PRABHUDAS  JAMNADAS  &  CO-AACFP5 ,8.978,TON,GUJARAT-RAJKOT-MQ2,WHR-M,RGURKRKSM02,17250.00,8118,AC01,TN67BN9877,21244,,0,N1,25,,0,,,,,,,,,,,,,,,,,,,,,,,,,,,
,,,,,,,,,,,,,,4629,RMSDTW022100000177,2800000021,210422, SUBASH  COMMERCIAL  CO(WH  BROKER ,217362, SONU  TRADING  COMPANY-ACBPG7699 ,9900,TON,RAJASTHAN-BUNDI-MQ3,WHR-M,RRJKOBUSM03,20600,1121,RH03,TN56BD3441,7708111326,7,, 2021-10-08  09:49:43 ,RDG,,N1,SDI,11,,2021-10-08,09:52:35,20,,2834,4629,N1,133,0,10000,100.145,9899.855,,,,,,,,,,,,10000,1,15,L1,2522,RMSDTW022100000177,2800000021,20,2021-10-08,09:52:35,210422, SUBASH  COMMERCIAL  CO(WH  BROKER ,217362, SONU  TRADING  COMPANY-ACBPG7699 ,9.900,TON,RAJASTHAN-BUNDI-MQ3,WHR-M,RRJKOBUSM03,20600,1121,RH03,TN56BD3441,,,0,N3,13,,0,,,,,,,,,,,,,,,,,,,,,,,,,,,
2053,4630,,A,2,,,/Digigate/Purchasepro/2021/October/08/SDO/RMSDOR142100000076_Purchase_Pro3-20211008095921.pdf,,,L1,,,1,4630,RMSDOR142100000076,2800000320,0000221461, PRABHUDAS  JAMNADAS  &  CO-AACFP5 ,0000221461, PRABHUDAS  JAMNADAS  &  CO-AACFP5 ,9885,TON, GUJARAT-RAJKOT-TUKUDI  1 ,WHR-T,RGURKRKST07,18700.00,8118,AC01,TN65756,7708111325,7,, 2021-10-08  09:56:36 ,OW1,SURVEYOR,L1,SDO,11,A,2021-10-08,10:01:42,00010,,2835,4630,N1,12,100,9900,14.94,9885.06,2021-10-07,12000,12.2,L1,2021-10-08,70000,/Digigate/Purchasepro/2021/October/08/SDO/RMSDOR142100000076_Purchase_Pro-20211008100023.pdf,/Digigate/Purchasepro/2021/October/08/SDO/RMSDOR142100000076_12-20211008100023.pdf,/DIGIGATE/PURCHASEPRO/2021/OCTOBER/08/SDO/RMSDOR142100000076_PURCHASE_PRO_GO-20211008100142.PDF,1,1,10000,2,16,L1,2523,RMSDOR142100000076,2800000320,00010,2021-10-08,10:01:42,0000221461, PRABHUDAS  JAMNADAS  &  CO-AACFP5 ,0000221461, PRABHUDAS  JAMNADAS  &  CO-AACFP5 ,9.885,TON, GUJARAT-RAJKOT-TUKUDI  1 ,WHR-T,RGURKRKST07,18700.00,8118,AC01,TN65756,L1,,0,N2,12,,0,,,,,,,,,,,,,,,,,,,,,,,,,,,
2058,4639,,AD,1,100,MQ1,/Digigate/Purchasepro/2021/October/09/SDO/RMSDOR142100000079_Purchase_Pro.pdf1-20211009100816.pdf,,,L1,,,1,4639,RMSDOR142100000079,2800000320,0000221461, PRABHUDAS  JAMNADAS  &  CO-AACFP5 ,0000221461, PRABHUDAS  JAMNADAS  &  CO-AACFP5 ,4994,TON, GUJARAT-RAJKOT-TUKUDI  1 ,WHR-T,RGURKRKST07,18700.00,8118,AC01,TN57BK4556,7708111324,7,, 2021-10-09  10:07:29 ,OW1,SURVEYOR,L1,SDO,11,A,2021-10-09,10:11:27,00010,,2839,4639,N2,10,5000,5000,5.8,4994.2,2021-10-09,10000,19.2,12,2021-10-08,70000,/Digigate/Purchasepro/2021/October/09/SDO/RMSDOR142100000079_Purchase_Pro.pdf.1.-20211009101015.pdf,/Digigate/Purchasepro/2021/October/09/SDO/RMSDOR142100000079_m1-20211009101015.pdf,/Digigate/Purchasepro/2021/October/09/SDO/RMSDOR142100000079_Purchase_Pro._-20211009101127.pdf,12,12,10000,2,,1,2524,RMSDOR142100000079,2800000320,00010,2021-10-09,10:11:27,0000221461, PRABHUDAS  JAMNADAS  &  CO-AACFP5 ,0000221461, PRABHUDAS  JAMNADAS  &  CO-AACFP5 ,4.994,TON, GUJARAT-RAJKOT-TUKUDI  1 ,WHR-T,RGURKRKST07,18700.00,8118,AC01,TN57BK4556,12,100,0,,0,,0,,,,,,,,,,,,,,,,,,,,,,,,,,,
2059,4640,,A,2,,,/Digigate/Purchasepro/2021/October/09/SDO/RMSDOR142100000080_Purchase_Pro-20211009101604.pdf,1,1,L1,,,1,4640,RMSDOR142100000080,2800000325,0000221461, PRABHUDAS  JAMNADAS  &  CO-AACFP5 ,0000221461, PRABHUDAS  JAMNADAS  &  CO-AACFP5 ,8979,TON,GUJARAT-RAJKOT-MQ2,WHR-M,RGURKRKSM02,17250.00,8118,AC01,TN56NL3444,7708111327,7,, 2021-10-09  10:15:17 ,OW1,NIR_YES,L1,SDO,11,A,2021-10-09,10:20:07,00010,,2840,4640,N2,13,1000,9000,21.04,8978.96,2021-10-08,10000,10,12,2021-10-06,8000,/Digigate/Purchasepro/2021/October/09/SDO/RMSDOR142100000080_SAMPLE_PDF-20211009101917.pdf,/Digigate/Purchasepro/2021/October/09/SDO/RMSDOR142100000080_Purchase_Pro-20211009101917.pdf,/Digigate/Purchasepro/2021/October/09/SDO/RMSDOR142100000080_Purchase_Pro.pdf.1.-20211009102007.pdf,123,123,10000,2,,L1,2525,RMSDOR142100000080,2800000325,00010,2021-10-09,10:20:07,0000221461, PRABHUDAS  JAMNADAS  &  CO-AACFP5 ,0000221461, PRABHUDAS  JAMNADAS  &  CO-AACFP5 ,8.979,TON,GUJARAT-RAJKOT-MQ2,WHR-M,RGURKRKSM02,17250.00,8118,AC01,TN56NL3444,12,,0,N3,15,,0,,,,,,,,,,,,,,,,,,,,,,,,,,,
2066,4649,,A,1,,LOK1,/Digigate/Purchasepro/2021/October/11/SDO/Quality_Check/RMSDOR142100000084_Purchase_Pro3-20211011095145.pdf,12,L2,1,21,L1,1,4649,RMSDOR142100000084,2800000326,0000221461, PRABHUDAS  JAMNADAS  &  CO-AACFP5 ,0000221461, PRABHUDAS  JAMNADAS  &  CO-AACFP5 ,4988,TON,GUJARAT-RAJKOT-496,WHR-T,RGURKRKST03,17750.00,8118,AC01,TN56BL7667,7708111326,7,, 2021-10-11  09:47:14 ,OW1,SURVEYOR,L1,SDO,11,A,2021-10-11,10:07:13,00010,,2845,4649,N1,10,5000,5000,12.45,4987.55,2021-10-04,10000,19.2,123123,2021-10-11,1,/Digigate/Purchasepro/2021/October/11/SDO/Unloading_WH_Incharge/RMSDOR142100000084_tesst-20211011100621.pdf,/Digigate/Purchasepro/2021/October/11/SDO/Unloading_WH_Incharge/RMSDOR142100000084_Purchase_Pro3-20211011100621.pdf,/Digigate/Purchasepro/2021/October/11/SDO/Unloading/RMSDOR142100000084_Purchase_Pro3-20211011100713.pdf,L1,S1,10000,2,,L1,2526,RMSDOR142100000084,2800000326,00010,2021-10-11,10:07:13,0000221461, PRABHUDAS  JAMNADAS  &  CO-AACFP5 ,0000221461, PRABHUDAS  JAMNADAS  &  CO-AACFP5 ,4.988,TON,GUJARAT-RAJKOT-496,WHR-T,RGURKRKST03,17750.00,8118,AC01,TN56BL7667,123123,,0,N2,10,,0,,,,,,,,,,,,,,,,,,,,,,,,,,,
,,,,,,,,,,,,,,4661,RMSDTSIL2100001144,2800000021,210422, SUBASH  COMMERCIAL  CO(WH  BROKER ,217362, SONU  TRADING  COMPANY-ACBPG7699 ,8942,TON,RAJASTHAN-BUNDI-MQ3,WHR-M,RRJKOBUSM03,20600,1111,FH01,TN67BD7888,7708111326,7,, 2021-10-11  17:44:15 ,RDG,,N1,SDI,11,,2021-10-11,17:45:24,10,,2848,4661,N2,100,1000,9000,58,8942,,,,,,,,,/Digigate/Purchasepro/2021/October/11/SDI/Unloading/RMSDTSIL2100001144_Purchase_Pro3.-20211011174523.pdf,123,123,10000,2,,L1,2527,RMSDTSIL2100001144,2800000021,10,2021-10-11,17:45:24,210422, SUBASH  COMMERCIAL  CO(WH  BROKER ,217362, SONU  TRADING  COMPANY-ACBPG7699 ,8.942,TON,RAJASTHAN-BUNDI-MQ3,WHR-M,RRJKOBUSM03,20600,1111,FH01,TN67BD7888,,,0,,0,,0,,,,,,,,,,,,,,,,,,,,,,,,,,,
1981,4321,FGHFGH,A,1,,AHW,UPLOAD/2021/SEPTEMBER/11/SDO/2800000141_TESTING_SAMPLE_WB_COPY-20210911101056.PDF,,,456456,,,7,4321,RMSDOR142100000016,2800000141,0000221461, PRABHUDAS  JAMNADAS  &  CO-AACFP5 ,0000221461, PRABHUDAS  JAMNADAS  &  CO-AACFP5 ,41078,TON,GUJARAT-RAJKOT-496,WHR-T,RGURKRKST03,21750.00,8118,AC01,TR56789,8796541230,7,, 2021-09-11  09:44:48 ,OY1,NIR_YES,N1,SDO,11,A,2021-10-13,13:02:36,00010,,2849,4321,N2,5,45645,41081,2.9,41078.1,2021-10-13,77345,77,777345,2021-10-13,56000,/Digigate/Purchasepro/2021/October/13/MA/QCApproval/2800000141_SAMPLE_PDF-20211013130657.pdf,/Digigate/Purchasepro/2021/October/13/SDO/Unloading_WH_Incharge/RMSDOR142100000016_SAMPLE_PDF-20211013122158.pdf,/Digigate/Purchasepro/2021/October/13/SDO/Unloading/RMSDOR142100000016_Testing_sample_WB_copy-20211013130236.pdf,456456,456456,45645,2,,66,2529,RMSDOR142100000016,2800000141,00010,2021-10-13,13:02:36,0000221461, PRABHUDAS  JAMNADAS  &  CO-AACFP5 ,0000221461, PRABHUDAS  JAMNADAS  &  CO-AACFP5 ,41.078,TON,GUJARAT-RAJKOT-496,WHR-T,RGURKRKST03,21750.00,8118,AC01,TR56789,777345,,0,,0,,0,,,,,,,,,,,,,,,,,,,,,,,,,,,
,,,,,,,,,,,,,,4714,RMSDTSIL2100001150,2800000021,210422, SUBASH  COMMERCIAL  CO(WH  BROKER ,217362, SONU  TRADING  COMPANY-ACBPG7699 ,4992,TON,RAJASTHAN-BUNDI-MQ3,WHR-M,RRJKOBUSM03,20600,1111,FH01,TN57BD4543,7708111326,7,, 2021-10-22  08:24:18 ,RDG,,N1,SDI,11,,2021-10-22,08:27:35,10,,2861,4714,N1,12,10000,5000,7.98,4992.02,,,,,,,,,,,,15000,1,61,L1,2531,RMSDTSIL2100001150,2800000021,10,2021-10-22,08:27:35,210422, SUBASH  COMMERCIAL  CO(WH  BROKER ,217362, SONU  TRADING  COMPANY-ACBPG7699 ,4.992,TON,RAJASTHAN-BUNDI-MQ3,WHR-M,RRJKOBUSM03,20600,1111,FH01,TN57BD4543,,,0,,0,,0,,,,,,,,,,,,,,,,,,,,,,,,,,,
2125,4719,,A,2,,,,,,L1,,,1,4719,RMSDOR142100000095,2800000325,0000221461, PRABHUDAS  JAMNADAS  &  CO-AACFP5 ,0000221461, PRABHUDAS  JAMNADAS  &  CO-AACFP5 ,9980,TON,GUJARAT-RAJKOT-MQ2,WHR-M,RGURKRKSM02,17250.00,8118,AC01,TN57BL4999,7708111326,7,, 2021-10-22  14:34:37 ,OW1,NIRNO,L1,SDO,11,A,2021-10-22,14:40:47,00010,,2864,4719,N2,13,20000,10000,20.14,9979.86,2021-10-21,10000,2.2,199,2021-10-21,10000,/Digigate/Purchasepro/2021/October/22/SDO/Unloading_WH_Incharge/RMSDOR142100000095_Purchase_Pro1-20211022143943.pdf,/Digigate/Purchasepro/2021/October/22/SDO/Unloading_WH_Incharge/RMSDOR142100000095_Purchase_Pro3-20211022143943.pdf,/Digigate/Purchasepro/2021/October/22/SDO/Unloading/RMSDOR142100000095_Purchase_Pro1333-20211022144047.pdf,12,12,30000,2,,L1,2532,RMSDOR142100000095,2800000325,00010,2021-10-22,14:40:47,0000221461, PRABHUDAS  JAMNADAS  &  CO-AACFP5 ,0000221461, PRABHUDAS  JAMNADAS  &  CO-AACFP5 ,9.980,TON,GUJARAT-RAJKOT-MQ2,WHR-M,RGURKRKSM02,17250.00,8118,AC01,TN57BL4999,199,,0,N3,14,,0,,,,,,,,,,,,,,,,,,,,,,,,,,,
2172,4812,,A,2,,,/Digigate/Purchasepro/2021/October/30/SDO/Quality_Check/RMSDOR142100000108_Purchase_Pro-20211030133246.pdf,,,L1,,,1,4812,RMSDOR142100000108,2800000319,0000221461, PRABHUDAS  JAMNADAS  &  CO-AACFP5 ,0000221461, PRABHUDAS  JAMNADAS  &  CO-AACFP5 ,4849,TON,GUJARAT-RAJKOT-496,WHR-T,RGURKRKST03,17750.00,8118,AC01,TN88BD8787,7708111327,7,, 2021-10-30  13:31:57 ,OW1,SURVEYOR,L1,SDO,11,A,2021-10-30,13:57:30,00010,,2883,4812,N1,12,10000,5000,150.98,4849.02,2021-10-29,70000,19.2,123,2021-10-29,10000,/Digigate/Purchasepro/2021/October/30/SDO/Quality_Check/RMSDOR142100000108_Purchase_Pro_vvv-20211030133246.pdf,/Digigate/Purchasepro/2021/October/30/SDO/Quality_Check/RMSDOR142100000108_Purchase_Pro1-20211030133246.pdf,/Digigate/Purchasepro/2021/October/30/SDO/Unloading/RMSDOR142100000108_Purchase_Pro1-20211030135730.pdf,1,1,15000,2,,L1,2534,RMSDOR142100000108,2800000319,00010,2021-10-30,13:57:30,0000221461, PRABHUDAS  JAMNADAS  &  CO-AACFP5 ,0000221461, PRABHUDAS  JAMNADAS  &  CO-AACFP5 ,4.849,TON,GUJARAT-RAJKOT-496,WHR-T,RGURKRKST03,17750.00,8118,AC01,TN88BD8787,123,,0,N2,200,N4,200,,,1,,,,,1,,,1,1,1,1,1,1,1,1,,1,1,NO,NO,NO,,,23210
2173,4814,,A,1,,LOK1,/Digigate/Purchasepro/2021/October/30/SDO/Quality_Check/RMSDOR142100000110_Purchase_Pro1-20211030142939.pdf,,,L1,,,1,4814,RMSDOR142100000110,2800000325,0000221461, PRABHUDAS  JAMNADAS  &  CO-AACFP5 ,0000221461, PRABHUDAS  JAMNADAS  &  CO-AACFP5 ,4797,TON,GUJARAT-RAJKOT-MQ2,WHR-M,RGURKRKSM02,17250.00,8118,AC01,TN78879,7708111221,7,, 2021-10-30  14:21:09 ,OW1,SURVEYOR,L1,SDO,11,A,2021-10-30,14:58:29,00010,,2884,4814,N1,200,5000,5000,202.7,4797.3,2021-10-29,10000,19200,123,2021-10-29,100000,/Digigate/Purchasepro/2021/October/30/SDO/Quality_Check/RMSDOR142100000110_Purchase_Pro1-20211030142939.pdf,/Digigate/Purchasepro/2021/October/30/SDO/Quality_Check/RMSDOR142100000110_Purchase_Pro1-20211030142939.pdf,/Digigate/Purchasepro/2021/October/30/SDO/Unloading/RMSDOR142100000110_Purchase_Pro-20211030145829.pdf,12,12,10000,2,,L1,2535,RMSDOR142100000110,2800000325,00010,2021-10-30,14:58:29,0000221461, PRABHUDAS  JAMNADAS  &  CO-AACFP5 ,0000221461, PRABHUDAS  JAMNADAS  &  CO-AACFP5 ,4.797,TON,GUJARAT-RAJKOT-MQ2,WHR-M,RGURKRKSM02,17250.00,8118,AC01,TN78879,123,,0,N2,100,,0,,,13,,,,,1,,,1,1,1,1,1,1,1,1,,1,1,NO,NO,NO,,,297125
2187,4829,,A,2,,,/Digigate/Purchasepro/2021/November/02/SDO/Quality_Check/RMSDOR142100000115_Purchase_Pro-20211102105205.pdf,,,L1,,,1,4829,RMSDOR142100000115,2800000325,0000221461, PRABHUDAS  JAMNADAS  &  CO-AACFP5 ,0000221461, PRABHUDAS  JAMNADAS  &  CO-AACFP5 ,4940,TON,GUJARAT-RAJKOT-MQ2,WHR-M,RGURKRKSM02,17250.00,8118,AC01,TN56BD788,7708111327,7,, 2021-11-02  10:49:52 ,OW1,SURVEYOR,L1,SDO,Truck,AD,2021-11-02,12:50:29,00010,,2888,4829,N5,1,5000,5000,59.72,4940.28,2021-11-01,10000,19200,1000,2021-11-01,20000,/Digigate/Purchasepro/2021/November/02/SDO/Quality_Check/RMSDOR142100000115_Purchase_Pro-20211102105205.pdf,/Digigate/Purchasepro/2021/November/02/SDO/Quality_Check/RMSDOR142100000115_Purchase_Pro_vvv-20211102105205.pdf,/Digigate/Purchasepro/2021/November/02/SDO/Unloading/RMSDOR142100000115_Purchase_Pro-20211102125028.pdf,123,12,10000,2,,L1,2537,RMSDOR142100000115,2800000325,00010,2021-11-02,12:50:29,0000221461, PRABHUDAS  JAMNADAS  &  CO-AACFP5 ,0000221461, PRABHUDAS  JAMNADAS  &  CO-AACFP5 ,4.940,TON,GUJARAT-RAJKOT-MQ2,WHR-M,RGURKRKSM02,17250.00,8118,AC01,TN56BD788,1000,,0,N3,100,N1,23,,,1,,,,,1,,,1,1,1,1,1,1,1,1,,1,1,YES,YES,YES,,,53025
,,,,,,,,,,,,,,4860,RMSDTW012100000398,2800000021,210422, SUBASH  COMMERCIAL  CO(WH  BROKER ,210287, HANUMAN  TRADING  COMPANY-AFOPG1 ,4914,TON,RAJASTHAN-BUNDI-MQ3,WHR-M,RRJKOBUSM03,20600,1120,AR01,TN567767,7708111325,7,, 2021-11-02  16:30:14 ,RDG,,N1,SDI,Rake,,2021-11-02,16:31:24,30,,2892,4860,N1,13,10000,5000,86.365,4913.635,,,0,,,0,,,,,,15000,1,113,L1,2539,RMSDTW012100000398,2800000021,30,2021-11-02,16:31:24,210422, SUBASH  COMMERCIAL  CO(WH  BROKER ,210287, HANUMAN  TRADING  COMPANY-AFOPG1 ,4.914,TON,RAJASTHAN-BUNDI-MQ3,WHR-M,RRJKOBUSM03,20600,1120,AR01,TN567767,,,0,N2,134,,0,,,,,,,,,,,,,,,,,,,,,,,,,,,
2211,4873,,A,2,,,/Digigate/Purchasepro/2021/November/03/SDO/Quality_Check/RMSDOR142100000121_Purchase_Pro-20211103093351.pdf,,,L1,,,1,4873,RMSDOR142100000121,2800000326,0000221461, PRABHUDAS  JAMNADAS  &  CO-AACFP5 ,0000221461, PRABHUDAS  JAMNADAS  &  CO-AACFP5 ,4971,TON,GUJARAT-RAJKOT-496,WHR-T,RGURKRKST03,17750.00,8118,AC01,12345,7708111132,7,, 2021-11-03  09:32:42 ,OW1,SURVEYOR,L1,SDO,Truck,A,2021-11-03,16:13:53,00010,,2896,4873,N1,7,5000,5000,29.30,4970.695,2021-11-03,777,19.2,77,2021-11-03,10000,/Digigate/Purchasepro/2021/November/03/SDO/Quality_Check/RMSDOR142100000121_Purchase_Pro3.-20211103093351.pdf,/Digigate/Purchasepro/2021/November/03/SDO/Quality_Check/RMSDOR142100000121_Purchase_Pro1-20211103093351.pdf,/Digigate/Purchasepro/2021/November/03/SDO/Unloading/RMSDOR142100000121_nagaoutside-20211103161353.pdf,12,123,10000,2,,123,2540,RMSDOR142100000121,2800000326,00010,2021-11-03,16:13:53,0000221461, PRABHUDAS  JAMNADAS  &  CO-AACFP5 ,0000221461, PRABHUDAS  JAMNADAS  &  CO-AACFP5 ,4.971,TON,GUJARAT-RAJKOT-496,WHR-T,RGURKRKST03,17750.00,8118,AC01,12345,77,,0,N3,200,,0,,,11.01,,,,,79.99,,,1.01,0.31,2,2.01,5.01,3,2.01,0.16,,0.21,1,YES,NO,NO,,,14867
2237,4904,,A,2,,,/Digigate/Purchasepro/2021/November/06/SDO/Quality_Check/RMSDOR142100000125_Purchase_Pro3.-20211106173932.pdf,,,2,11,L1,22,4904,RMSDOR142100000125,2800000320,0000221461, PRABHUDAS  JAMNADAS  &  CO-AACFP5 ,0000221461, PRABHUDAS  JAMNADAS  &  CO-AACFP5 ,4981,TON, GUJARAT-RAJKOT-TUKUDI  1 ,WHR-T,RGURKRKST07,18700.00,8118,AC01,TN78879,7777777777,7,, 2021-11-06  17:38:03 ,OW1,SURVEYOR,L1,SDO,Truck,A,2021-11-06,17:42:05,00010,,2905,4904,N1,12,5000,5000,18.78,4981.22,2021-11-04,10000,19.22,1233,2021-11-05,10000,/Digigate/Purchasepro/2021/November/06/SDO/Quality_Check/RMSDOR142100000125_Purchase_Pro3.-20211106173932.pdf,/Digigate/Purchasepro/2021/November/06/SDO/Quality_Check/RMSDOR142100000125_Purchase_Pro3.-20211106173932.pdf,/Digigate/Purchasepro/2021/November/06/SDO/Unloading/RMSDOR142100000125_tesst-20211106174205.pdf,23,12,10000,2,,L1,2546,RMSDOR142100000125,2800000320,00010,2021-11-06,17:42:05,0000221461, PRABHUDAS  JAMNADAS  &  CO-AACFP5 ,0000221461, PRABHUDAS  JAMNADAS  &  CO-AACFP5 ,4.981,TON, GUJARAT-RAJKOT-TUKUDI  1 ,WHR-T,RGURKRKST07,18700.00,8118,AC01,TN78879,1233,,0,N3,12,,0,,,2,,,,,2,,,2,2,2,2,2,2,2,2,,2,22,NO,NO,YES,,,159496
